,mean_fit_time,mean_score_time,mean_test_score,mean_train_score,param_cl,param_epochs,param_k,param_n,params,rank_test_score,split0_test_score,split0_train_score,split1_test_score,split1_train_score,split2_test_score,split2_train_score,split3_test_score,split3_train_score,split4_test_score,split4_train_score,std_fit_time,std_score_time,std_test_score,std_train_score
2,15.89388279914856,2.2089513301849366,0.08743022204002487,0.08741199378376809,2,6,2,8,"{'cl': 2, 'epochs': 6, 'k': 2, 'n': 8}",1,0.08659653964443742,0.0868636496434702,0.0872555044349109,0.08737150029601337,0.08648191517758592,0.08752224169601903,0.08806318768831058,0.08752598529942682,0.08875396325487957,0.08777659198391104,0.17400883238900325,0.03109086827221527,0.0008692266447150274,0.0003034473707564201
0,14.11400580406189,2.0840133666992187,0.056987758398613086,0.056963149646175236,2,6,1.5,8,"{'cl': 2, 'epochs': 6, 'k': 1.5, 'n': 8}",2,0.05663378519293304,0.05638616389342557,0.057556890194939675,0.05678867983901612,0.056374975697737986,0.05697771590028968,0.057543115394416255,0.057078265976683,0.05683002551303846,0.05758492262146183,0.05670907249720119,0.018071808116160056,0.0004812508132773061,0.00039074745055891975
3,26.97699213027954,2.3410616397857664,0.051291838873212585,0.0512791286840617,2,6,2,16,"{'cl': 2, 'epochs': 6, 'k': 2, 'n': 16}",3,0.051320645888553604,0.05083485010349862,0.05146187146968931,0.051193303802860114,0.05096428691644535,0.05127490311861038,0.05163635115060851,0.05135134496142931,0.05107603894076615,0.05174124143391012,0.1294609898132582,0.021125969808981734,0.000245881895429465,0.00029104316074187413
1,23.153684091567992,2.225918912887573,0.0460089853781963,0.04599197878737316,2,6,1.5,16,"{'cl': 2, 'epochs': 6, 'k': 1.5, 'n': 16}",4,0.04602423588806224,0.04558323215797683,0.0463884829708906,0.0458631808651942,0.04545542820591793,0.04599572488359202,0.04639020603950893,0.04606473543376566,0.04578657378660184,0.046453020596337095,0.2525591876376423,0.055078727756061596,0.00035929727318196637,0.00028338307085794056
